name,email,link,phone,phone2,note,logo
Advantage,,https://customer.advantageauto.com/diamondweb/(S(5t3oybd5dvy3lib2bao0s5eo))/consumer,1 (800) 422-0792,,,images/advantage.png
American Home Shield,,,,,,images/ahs.png
AMWins,,,,,,images/amwins.png
Atrium,,,,,,images/atrium.png
Bristol West,,https://www.bristolwest.com/,1 (800) 274-7865,,,images/bristol.png
BTIS,,,,,,images/btis.png
Burns & Wilcox,,,,,,images/burnswilcox.png
Bond Exchange,,,,,,images/bx.png
Capital,,https://www.capitalpremium.net/payment-options/,,,,images/capital.png
CharityFirst,,,,,,images/charity.png
Chubb,,,,,,images/chubb.png
CNA,,,1 (877) 574-0540,,,images/cna.png
Colonial General,,,,,,images/colonial.png
CRC Group,,,,,,images/crc.png
Distinguished Programs,,,,,,images/distinguished.png
EverGuard,,,,,,images/everguard.png
Francis L. Dean ,,,,,,images/fldean.png
Foremost,,https://www.myforemostaccount.com/login,1 (800) 527-3907,,,images/foremost.png
The General,Claims@thegeneral.com,https://www.thegeneral.com/mypolicy/welcome.htm,1 (800) 280-1466,,,images/general.png
Hagerty,,https://login.hagerty.com/identity/login?ReturnUrl=%2F,1 (800) 385-0274,,,images/hagerty.png
The Hartford,,https://account.thehartford.com/customer/#/login?appid=OBSC&goto=https%3A%2F%2Fbusiness.thehartford.com%3A443%2Fpolicies,1 (866) 467-8730 ,,,images/hartford.png
Hiscox,,,,,,images/hiscox.png
J.C. Taylor,,,1 (800) 345-8290,,,images/jctaylor.png
Kemper,,,,,,images/kemper.png
Liberty Mutual,,https://business.libertymutual.com/login/,1 (844) 325-2467,1 (800) 362-0000,Mid-Lage Size Customers,images/libertymutual.png
Markel,,,,,,images/markel.png
MarketScout,,,,,,images/marketscout.png
Mendota,,https://customer.advantageauto.com/diamondweb/(S(5t3oybd5dvy3lib2bao0s5eo))/consumer,1 (800) 422-0792,,,images/mendota.png
MetLife,,,,,,images/metlife.png
National General,,,,,,images/nationalgeneral.png
Nationwide,,https://www.nationwide.com/account-login,1 (800) 421-3535,1 (866) 854-4140,Roadside Assistance,images/nationwide.png
Next,,,,,,images/next.png
Personal Umbrella,,,,,Call Agent to File Claim,images/personalumbrella.png
Philadelphia,,,,,,images/philadelphia.png
Pinnacol,,https://policyholder.pinnacol.com/auth/users/sign_in,1 (303) 361-4000,1 (800) 873-7242,,images/pinnacol.png
Progressive,,https://www.progressive.com/manage-policy/,1 (800) 776-4737,1 (800) 776-2778,Roadside Assistance,images/progressive.png
RIC,,,,,,images/ric.png
Ryan Turner,,,,,,images/ryanturner.png
Safeco,,https://login.safeco.com/login?state=hKFo2SB2Nm5DWlAxOVdXY1psUlp2YTlQR2lDYjA2c0RlbzAxYqFupWxvZ2luo3RpZNkgN0pjcnNXMkEwbzR2aHQ1ZnVKcGxlNnV2V25ZX0E2TjSjY2lk2SB3dTlvWnFlWVB4aUJpSVlYYms5M3NNdWJSOTFyZ3JxZw&client=wu9oZqeYPxiBiIYXbk93sMubR91rgrqg&protocol=oauth2&redirect_uri=https%3A%2F%2Fcustomer.safeco.com%2Faccountmanager%2F&audience=https%3A%2F%2Fcustomer.safeco.com%2Faccountmanager%2Fapi&scope=openid%20profile%20email%20offline_access&response_type=code&response_mode=query&nonce=aTdfZ0NPWkRNQmdYTGE5S1BNWEM0RzBJSDBTS2hUR3AtMmcyc25FZEV0eg%3D%3D&code_challenge=1af4ZPqHMeR4PxbPqPE3Ah0pLrSZcs4FPookN2yq30A&code_challenge_method=S256&auth0Client=eyJuYW1lIjoiQGF1dGgwL2F1dGgwLWFuZ3VsYXIiLCJ2ZXJzaW9uIjoiMS4xMS4xIiwiZW52Ijp7ImFuZ3VsYXIvY29yZSI6IjEzLjQuMCJ9fQ%3D%3D,1 (800) 332-3226,,,images/safeco.png
Safeway,,https://www.mysafeway.com/default.aspx?Lang=EN,1 (888) 203-5129,,,images/safeway.png
Scottsdale,,,,,,images/scottsdale.png
Travelers,,https://www.travelers.com/login/#/,1 (800) 238-6225,,,images/travelers.png
USLI,,,,,,images/usli.png
Virtus,,,,,,images/virtus.png
Western Pacific,,,,,,images/westernpacific.png